account_number,last_name,first_name,email,birthday,debit_card_number,account_balance
676294551201,Nguyen,Stella,suja@seh.lb,9/1/2000,3528359309077946,$8622.62
340001433340,Caldwell,Timothy,hehedeh@sikhez.mh,3/26/1988,3528749648223138,$9942.46
173469749736,Wade,Fanny,hih@ictejudi.bd,4/12/1990,345314805608048,$4774.31
814899690724,Sullivan,Sarah,luilva@enimi.cz,7/23/1986,30090222739984,$2186.41
443439892123,Floyd,Roy,satazaka@ponva.pa,10/3/2004,6377256412085409,$5253.15
188283820439,McDaniel,Lydia,avca@go.gq,10/10/2001,6251243172233461,$1117.03
399708174511,Davidson,Ollie,fates@oplaot.as,8/8/1999,343486336082372,$1869.37
536329826165,Fletcher,Essie,imegawuz@rifgikho.sd,2/2/1985,3528869385921825,$1494.21
137048748426,Stokes,Susie,uf@ovpa.sl,4/4/2000,6304932908751609,$1722.61
546736936018,Greer,Grace,poruduc@pil.td,4/11/1968,5129635813333364,$1350.42
958696341349,Graham,Connor,on@livoh.nf,10/19/1991,3528733857703188,$4729.45
516941949867,Brewer,Stephen,tarojifa@omap.sv,11/29/1964,30033699320276,$9575.76
816938371882,Soto,Mabelle,biheh@pucgijo.jo,9/19/2006,6202695718237605,$1477.55
630991670207,Francis,Emily,apigi@gazpuisa.lb,12/5/1971,4026955783090265.5,$4576.56
862010201775,Rodriguez,Bernice,bizsok@tamwod.pe,7/1/2005,349870385393893,$8503.84
344916083984,Sparks,Hester,vuahodas@odoteva.ir,3/14/1997,5018697282125410,$5746.69
226310508558,Torres,Roy,tacuj@amome.vi,9/28/1973,4026072500929105,$1893.18
713077638339,Logan,Adelaide,ogi@til.cu,3/26/1972,5610227569420953,$7554.31
603342886464,Hardy,Theresa,belumo@girfepla.dz,1/17/1969,6011434788897218,$2739.28
101250769538,Wilkins,Roxie,pig@tohenup.cr,5/2/2003,6304569699536383,$6080.48
140739847961,Harper,Bill,demfat@jomfi.su,8/16/2005,6304176121249211,$4626.60
112086033892,Houston,Leila,dutjisze@fewowe.kn,6/2/1989,4026037163765071,$2038.74
157872203902,Bates,Dennis,pikzika@nez.hm,12/31/1963,5191793207803618,$8296.69
312850397387,Romero,Derrick,ru@hugo.nl,12/17/1995,30074535097223,$4116.01
144058288451,Weber,Jack,goodi@rakrehe.jp,10/14/1980,6304133722645149,$1024.26
641730510757,Diaz,Amanda,wishufdaf@te.com,9/30/2004,6011644228907779,$2934.11
569740048571,Bowman,Zachary,jofa@toju.ca,4/15/2005,5018201349985914,$4238.02
37204943311,Pratt,Miguel,dopazfic@pikezkin.ck,1/30/1982,5610423872611947,$8986.68
514666863714,Mack,Gary,olaivope@viz.hu,9/27/2005,4415581712845031,$3666.78
999987634967,Singleton,Gilbert,veadi@ompolrij.al,10/30/1967,6378035900472603,$5313.98
825342081616,Vaughn,Shane,ziklaozo@sawraziz.pl,5/6/2004,36881499412717,$8628.79
466273108342,Hawkins,Peter,pe@bowfuk.al,6/10/1981,30043501815256,$7112.50
343121061490,Sharp,Gilbert,cesgoput@bunib.nu,9/27/1991,201424654863215,$2432.89
740020980598,Long,Eunice,licsipwub@how.tl,10/17/1987,201473513983789,$5359.11
56895000925,Shaw,Mildred,efbol@mukij.nl,3/25/1975,201414513314187,$4530.29
300290963300,Watts,Melvin,matreltit@kiwodsa.je,10/17/1977,340145097294385,$3688.85
75275615562,Christensen,Keith,hupor@ojhon.bd,7/23/2006,349155189021613,$6776.04
329406463730,Page,Leah,tecejten@waahpul.pn,2/6/1973,6304050315012323,$5489.90
929649359847,Walsh,David,visgo@mozalan.ne,5/2/1986,5463185115369975,$5695.37
779822332853,Anderson,Effie,eli@ci.ug,9/14/1994,6377480646696829,$4306.67
373026151892,Berry,Adam,gibipvoj@ahhu.qa,12/24/1994,36486402419567,$2003.70
478073561820,Simmons,Jason,na@wusja.nr,9/28/1961,6374156629480810,$7320.74
973762829464,Hanson,Kyle,lowjel@cuf.bh,9/22/1992,6334137260254127,$1030.46
815278093093,Johnston,Leona,re@kinig.cu,2/2/1971,4903875422663885,$9067.25
163547493417,Hubbard,Austin,jowmioki@gupi.tz,10/15/2002,5136871924974884,$3160.42
796385409296,Joseph,Harriet,gak@dasec.kh,8/26/1982,4903316559515093,$4685.74
601172905943,Freeman,Milton,hiwgitot@vokofzeh.za,9/9/1962,4026508694368311,$1565.78
822460267334,Dennis,Laura,kozagoj@ecihiz.bf,5/23/1991,6245658700209148,$1842.33
968807454101,Saunders,Dustin,ufcit@sa.ve,3/3/1988,201463344557613,$659.32
692989756064,Price,Cynthia,anohohi@goihnud.mw,1/30/1994,5018688510868038,$5123.30
251883745411,Aguilar,Alberta,guno@hasmuplo.fr,8/27/2006,6334419688301619,$3639.80
705701158451,Townsend,Clyde,fiterehu@deis.pl,3/27/1978,4286651753671905,$3210.17
209298964552,Sandoval,Marcus,abe@daocke.gl,12/27/1999,4903977214199134,$6416.44
471316651225,Soto,Francis,coti@pa.mt,7/17/1977,5610360419297873,$9239.32
978143937424,Alvarado,Andrew,pezcihma@humzakzen.uk,9/27/1963,6270591987946546,$5527.45
771931396398,Gross,Margaret,zu@bozebab.mc,11/6/1974,3528505932390573,$2604.94
545845734073,Gutierrez,Steve,uka@timlahzo.uy,8/19/1993,5018926370141637,$3450.33
282021533505,Duncan,Joe,letockib@rutpedsu.nr,6/29/1969,6334116730047717,$6401.49
556335790837,Alvarado,Carolyn,fuzal@ojoz.ml,4/7/1991,3528366054399276,$250.02
10003544314,Harris,Rodney,rav@zujorbin.bs,5/27/2006,36290238902717,$4750.53
795883689017,Hogan,Maude,taawuzab@cobe.ly,10/19/1984,3528695519451581,$3197.89
440295674444,Holland,Howard,nespo@fajoghuc.tw,6/22/1982,5464315058912460,$9702.53
40979077142,Palmer,Terry,ihadiuz@jajepa.pt,12/19/1985,5018714163069433,$7079.63
569750425441,Hayes,Jeremy,haciw@hov.jm,2/16/1997,349291723133596,$2286.76
314022650220,Rhodes,Bertha,dohronreh@doged.gf,8/20/1988,30099802474193,$7058.08
899742186594,Long,Pearl,dah@fomlemla.ax,3/20/1967,6304754343632248,$7230.41
294805581086,Paul,Pauline,heljaf@cu.ht,5/17/1981,4763368087312484,$9316.48
412223911990,Manning,Logan,zezu@nok.ag,1/18/1994,5125231933410334,$2651.60
211487499466,Carlson,Rebecca,mi@top.bq,6/2/1975,3528393059866497,$7777.17
737833411720,Cross,Bessie,wehob@wacis.ge,1/3/1983,4220040350195329,$1488.13
863161398079,Figueroa,Adeline,tenvifmu@obdanu.au,2/3/1994,201416058865101,$3802.19
880550366032,Moody,Winnie,sokij@nipasujub.gr,8/27/1997,6234255585387165,$7128.01
945024673159,Griffin,Elijah,logbubip@hucviz.by,1/10/1998,4026369492800439,$1112.02
435850234231,Haynes,Mittie,higer@kufuhed.gp,6/25/1962,6334332505957416,$8973.82
885230210274,Cohen,Ronnie,muc@ufzompe.li,2/16/1971,36970727950281,$3884.43
159343916327,Pearson,Max,decna@hunta.fk,10/20/1971,5113522012319196,$8181.52
811977845810,Nichols,Tyler,ramfethe@ug.bm,9/29/1997,201473672379480,$6539.96
890221122193,Meyer,Garrett,guzemoh@jaiwija.cl,1/28/1982,4175161100137893,$8108.16
372120819755,Franklin,Lou,unulahpo@bujetmip.ki,8/5/1982,6256426310991497,$6306.15
781598068765,Harper,Melvin,epudel@nifud.th,3/11/1987,6334820243038325,$7554.86
287188042765,Anderson,Marion,in@najhepkot.mc,12/29/1968,5018842835267620,$8735.17
526294336033,Watkins,Olivia,gamis@asiluluj.gr,4/1/2002,6373151894094041,$2119.50
274316882121,Malone,Jon,vamojem@joosobic.co.uk,11/17/1990,3528199676217158,$4391.47
497062729087,Rodriquez,Frank,okcol@fiwoffew.na,6/10/1986,5406082521957800,$451.11
295470305602,Gross,Ann,riaboon@gec.mk,10/1/1981,6334423206596361,$7884.38
525687106506,Dawson,Steve,wok@pofobi.uz,7/5/1970,4460900983738267,$6166.38
675050546508,Wright,Ronald,age@rathog.lv,12/7/1978,201416881351402,$5840.57
533624474715,Waters,Cora,fajsovik@lumeka.de,8/12/1976,5610302138366761,$8696.44
505284995965,Freeman,Alex,ileizisi@diwlab.gg,12/17/1960,6304952282932096,$7670.46
724091444185,Pratt,Roxie,gocun@mivu.ki,1/6/1976,4292285582772279,$8195.92
869325203138,Fox,Nicholas,zuuv@mo.pw,10/10/1981,345064237773262,$3813.94
533131194719,Williams,Joseph,sak@welpo.ar,3/14/1980,6203038742412762,$7306.03
293886334915,Welch,Olga,ral@une.co,1/28/1988,6304508913027688,$931.78
773521884022,Patterson,Charlie,vaj@ebvoguh.jm,11/3/1986,3528892280297083,$7588.03
556444212677,Burns,Rodney,wetofo@cewug.il,3/2/1999,6011273708757643,$3884.90
613632216268,Sutton,Victoria,lad@wem.th,3/2/1997,341041457216424,$6103.25
780638910331,Rodriguez,Arthur,woudse@ituto.ss,2/9/1996,36187572685256,$4768.23
31265089966,Hunt,Terry,lebtak@olto.gl,11/18/2006,4903503754293143,$9912.77
54548129198,Norris,Bessie,guh@sow.cd,7/12/1961,6375469179322186,$5429.55
130672751150,Anderson,Ernest,egrignam@mamlowod.bo,10/25/1988,36622372797208,$7916.58
968264674016,Phillips,Manuel,devavwin@jerip.hu,12/22/1984,5489969400436718,$2879.48
780800500641,Gill,Leonard,mabgu@jejod.ml,5/22/1984,6011486874365229,$2601.47
209745605011,Cruz,Gertrude,piog@gukifti.ax,8/26/1996,6304520146153710,$6532.60
602024998137,White,Ethel,tapruw@sidfawab.nr,9/14/1977,6377411389622185,$3209.61
365666378802,Maldonado,Calvin,baheeri@hu.pa,3/2/1960,6378446153391376,$1771.55
357737358459,Brown,Jackson,pagisuv@juri.pk,3/3/1997,4026730618749801.5,$9781.15
688197498243,Wolfe,Eugenia,huosa@tacak.pl,1/28/1996,30047624910654,$9579.06
631264980121,Weaver,Amelia,ed@iju.tk,11/20/1976,5018955235809518,$5880.14
549413838626,Baldwin,Ruth,ocej@roj.de,4/27/1998,3528940635958055,$2338.17
933201851171,Stevenson,Katie,rikrakut@ar.bn,2/22/1961,6304835076574804,$9949.58
488442099442,Patterson,Adam,okosa@operef.so,10/14/1969,36711319215976,$2515.33
145821852615,Chapman,Leo,ogaoz@jinufuh.pf,3/14/1983,5170120343240643,$7901.17
943776340905,Massey,Leonard,uheduzat@recru.sz,7/30/1971,201420929417365,$9870.29
333541699181,Clayton,Darrell,luggem@sus.dz,9/1/1974,6334833544441031,$5415.54
563507132764,Larson,Rachel,gig@lukpez.ph,5/14/2000,5441084073096562,$4415.45
898347398896,Arnold,Kyle,jit@vutwam.et,1/14/1969,6275577095234565,$7309.72
634946626843,Bates,Glen,nubuor@ruvaweiw.bb,9/21/2004,4718894587379703,$1521.15
557668744285,Newton,Blanche,wamun@pep.nc,1/4/1995,6011155076253885,$9840.58
336776043940,Washington,Adrian,atidigu@dulu.com,7/8/1963,6285535014948325,$6151.20
762114480310,Mathis,Sue,terirpim@mig.hu,2/11/1979,340144861674526,$1226.31
907660945542,Drake,Clayton,alta@ut.edu,6/22/1977,5018901797527544,$7954.11
171365545005,Harrison,Howard,woc@rur.nz,4/22/1998,6219819668144683,$49.50
925856245547,Kim,Clarence,rosfigcuc@ohjeh.pr,7/28/1994,6371086247390526,$2720.96
449987711563,Francis,Francisco,bannu@wuvelujug.is,10/1/1962,6371259826393894,$2916.44
234144416571,Alvarez,Russell,bu@cubetuhu.pn,5/5/1999,6379095795518463,$8356.17
134357344677,Fox,Bertha,zohwekhuj@to.cv,10/12/2004,346616018924726,$5515.54
321450232444,Terry,Leona,cej@zi.gq,3/20/1975,4759970808046147,$4437.79
986756977726,Bush,Elizabeth,hej@ug.bs,6/25/2005,4903571996180972,$9019.54
640170005429,Simmons,Edna,fedi@ko.gy,9/12/1959,6304189248282502,$4746.54
783339306626,Craig,Marian,zahfese@ube.kg,10/4/1999,3528038574379985,$912.28
941855834872,Williams,Eleanor,lubif@bobri.py,5/12/1975,6011437685639419,$1098.07
402646717632,Kennedy,Gordon,zegbocvu@ufhakod.edu,8/18/1998,30028364952981,$632.50
149621284691,Ruiz,Lillian,kimmeig@luhhawcos.co.uk,10/30/1991,6334864403050738,$5186.12
32545549486,Romero,Clarence,mosete@wudoc.sy,10/7/2002,201459611060018,$364.01
286248170744,Vaughn,Lester,ohocev@ludpej.cr,10/30/1968,30043390617201,$1217.48
525221601307,Glover,Sophia,najew@bukdok.mn,6/27/1997,6378076014154588,$2490.30
867973661907,Clayton,Pearl,muwa@veplit.gh,6/9/1991,4026108223600696,$7093.86
306171996541,Oliver,Ryan,fuun@egoit.so,6/14/2005,5610816905862603,$468.33
9720986729,Santiago,Jesus,la@enevouvo.ps,12/26/1980,6375271727536063,$957.24
762706735639,Luna,Craig,tehku@isokaku.mv,12/7/2000,3528574392559077,$2252.85
652864848192,Larson,Eva,winagme@wafnu.ht,4/26/1996,6284585125113724,$4081.78
544469470490,Newton,Lloyd,egi@lo.pg,1/20/1966,6334336127862607,$3701.71
669774841828,Walton,Rose,nulve@rov.mw,4/19/2005,36573839695958,$8752.40
908352033535,Page,Joshua,duvlizog@ektil.su,10/15/1963,3528441837420903,$4417.70
986241183196,Bowers,Leonard,di@dowcowa.fi,11/25/2005,36332211833343,$3167.97
926078415308,Vega,Mattie,dojko@endicig.aw,6/21/1970,4026276427207047,$664.55
958964821108,Freeman,Loretta,peeze@upiegiv.sg,5/6/1991,5018179958089915,$6641.97
541020390410,Paul,Noah,do@pelgefe.cz,12/5/1972,36000484898372,$2691.49
719244646159,Bowman,Nannie,jas@tidi.bd,6/29/2002,4828744658808519,$1016.80
196719502431,Holloway,Russell,lazege@koj.va,1/29/1991,6279727722582201,$7267.05
743886015669,Carroll,Evelyn,kace@ozudimgo.tn,8/5/1963,348948388438526,$1247.65
225608400400,Hawkins,Hallie,hip@lozajhu.io,6/17/1972,6269413003797410,$9686.64
438601742756,Castillo,Ethel,tif@evvekbi.it,3/28/2000,6011079954645048,$9715.26
812574662187,Watts,Hester,ga@fifa.aw,2/27/1984,5181868296871718,$4350.56
770286295074,Mann,Barbara,ruwpiuna@me.aq,3/26/1991,4026256507077832,$6273.19
463921431041,Hayes,Annie,venacjac@tir.gn,12/23/1987,5101457837285070,$8632.75
156950267103,Watts,Derrick,ewusejumu@roptu.iq,8/13/1964,5018587184152416,$124.53
612633826002,Strickland,Teresa,busde@duvpuwovo.rs,3/5/2001,6334148039290516,$8835.48
423768526589,Santos,Miguel,dosko@hapodpir.in,7/10/2003,5490332876453211,$6437.47
359304968330,Wise,Tommy,bugzulo@muj.aq,2/27/1975,6304338180632238,$504.97
361161723941,Oliver,Chester,ja@rikru.rw,4/7/1993,36451985139552,$3543.12
44480419178,Arnold,Don,rifci@rur.ax,6/29/1982,6304504331589904,$1943.36
628080296028,Weaver,Sarah,law@pogpazi.kr,1/5/1973,36037882011604,$8097.55
273265657361,Collins,Kate,joptieli@no.mw,12/31/1961,5121636908426335,$1588.45
976862083240,Moss,Marie,isuwomfaz@pesjo.an,10/15/1963,6334948302256460,$8550.58
462296407874,Mendez,Darrell,fevof@ciwac.tf,8/11/2003,345593772979637,$2169.27
441744934357,Williamson,Lee,uv@cuzivgag.do,5/25/1990,30073211548574,$2578.91
751185441691,Cohen,Craig,wo@tup.np,8/23/1993,30016933184780,$5184.10
699268360458,McKinney,Maggie,aceazizet@lupihdad.an,7/21/1989,6334365608602752,$5397.14
96249293941,Watson,Mason,upbe@musam.pk,2/26/1991,5018803350707762,$2886.80
280762320638,Price,Adeline,nofoga@buowe.gg,10/15/1959,3528139075068877,$5427.62
334878736513,Baldwin,Roger,paf@olotak.vg,10/29/1978,5137772143602695,$7541.76
40597252689,Roy,Helen,puipe@gerjad.aq,3/9/1966,5018690999069948,$3402.03
936008791517,Medina,Nellie,ha@cosefwo.va,5/28/1998,5610009737057929,$1299.32
919140092321,King,Frances,pavo@til.ge,10/17/1994,6289784138719677,$5012.00
24647300922,Horton,Edna,miwof@vajo.gr,9/14/1970,36369975994523,$5715.98
617774231002,Griffin,Nathan,toer@ozfaoz.ne,2/5/1960,201424084032571,$6229.30
873702244435,Adams,Beulah,se@eme.org,12/13/2002,4195826054565009.5,$2732.38
280470629699,Scott,Thomas,mutjojsad@vedojzug.me,2/23/1963,5169452855702675,$3424.46
979716112884,Hogan,Jeff,irhe@guzsec.st,5/29/1980,5610444208263880,$9.79
488499655157,Sherman,Mamie,tegbu@gocidin.ac,10/1/1970,6371992732056045,$5307.22
633463075134,Wagner,Louise,nujepu@meje.io,10/10/1993,5113643303875835,$4713.10
75452733177,Payne,May,fewu@vam.jm,3/22/1999,6304727584747669,$3656.97
514281745567,Sullivan,William,lonzamiz@heljer.eu,6/26/1983,6277584213513274,$5249.13
734396018326,Hampton,Caleb,ajhup@nugbibu.im,9/2/1973,36437090389273,$1785.31
710321528721,Barker,Bill,sazjuik@livewugac.io,8/19/1986,5018477033075903,$3468.73
486646763885,Townsend,Olga,debadu@if.kz,5/19/1982,346756427259916,$7669.80
728539658128,Carr,Jeremiah,zaiwu@ewsu.edu,1/21/1993,5411007660242402,$3353.78
127879835569,Taylor,Amanda,gesow@pihkom.gu,8/5/1974,3528879941391025,$1631.73
71838141065,Daniel,Helena,rostenjok@echuwi.sh,8/13/2000,5456303286978008,$4260.52
479485289437,Dixon,Loretta,me@licwa.uy,9/3/2006,3528229040046270,$5189.72
511390076988,Goodwin,Ruby,zaceoca@bemzaf.mh,7/22/1967,5018548464332011,$7207.14
332054168505,Fox,Leonard,cuc@tejuwen.ge,3/13/1987,5164369333114833,$5261.43
812018361579,Padilla,Hester,nupon@ab.bq,1/8/1993,348939125404756,$8945.05
676323402564,Marsh,Ellen,ta@sofze.km,5/14/1969,6373196940105168,$9744.03
132981360487,Webb,Gussie,mudat@but.td,10/20/1990,30006408646702,$8605.13
250981426407,Mason,Andre,mahgeawo@nioda.io,8/27/1976,344161040236809,$5064.81
994363597248,Phillips,Ina,cilkivvah@va.co,9/8/1966,4334239638299449,$3078.01
319437442439,Meyer,Ian,eju@hontowpib.ua,5/9/1964,4026897585501217,$7100.12
239769039029,Crawford,Joel,nofkosomo@geksos.re,3/9/1980,36429696450708,$3886.72
167337953366,Jennings,Rosie,cul@udlenuce.nu,1/23/2002,6236556111401398,$6328.70
343801972805,Bowman,Elizabeth,ebewu@kuchumuzi.zw,8/19/1974,5610996831688494,$8751.03
694455760731,Vargas,Rodney,ka@opkeb.mz,3/19/1960,6334805281897401,$2780.01
511549822187,McLaughlin,Bradley,ihi@cen.lr,2/17/2005,5143489713468173,$2813.37
930558291668,Black,Angel,suol@bujeg.ec,7/18/2000,6011495896875370,$8308.26
12600373032,Christensen,Evelyn,fumpartuz@kirpu.vn,10/23/1967,6371216568117402,$3290.24
404594077299,Keller,Lillian,jazohvap@suspu.ec,3/5/1967,4026343010407529.5,$9062.53
328011620860,Waters,Danny,zizan@vek.ml,5/1/1985,201447621822584,$8254.00
380270956982,Riley,Jeanette,dokiljef@jap.pk,7/29/1971,3528785057531322,$410.50
995016087775,Phelps,Adele,hijohazof@ve.fk,1/27/1979,3528509485832957,$2728.75
161480863813,Lawson,Viola,ivahe@uvder.me,3/31/2004,4903074859821212,$9228.65
498675026605,Leonard,Sallie,po@maz.ad,1/31/1963,6334905823518224,$4831.85
86431720713,Dixon,Jean,odo@eguazli.rs,2/2/1983,6011210892838300,$6150.64
883626440875,Gibson,Josephine,sado@fedcaja.nr,10/3/1974,3528488736294657,$3973.85
712418820387,Bass,Clifford,lig@bukcunep.mu,5/22/1979,36278921198917,$4823.43
697194186825,Coleman,Mabelle,bejihaz@lota.tf,1/17/2003,36638334859050,$4110.27
750767481614,Casey,Lillie,enwu@damir.ao,11/17/1973,6334369246648417,$3655.06
737191700453,Colon,Brent,ce@zavnehro.ar,7/26/1972,345547462545900,$5214.57
771991503241,Watts,Mayme,ivila@rojsiice.gl,3/2/1980,5610529347703125,$9515.35
274178931444,Warner,Warren,puwwur@zu.mw,5/31/1978,4703866372933297,$4995.77
104915829290,Harrison,Violet,hag@te.ly,6/18/1965,5610124056651523,$2192.66
671377615803,Fisher,Harold,dezo@ihco.eg,10/8/2000,4903266109416823,$6476.35
707484896131,Jordan,Manuel,fa@hi.sc,5/20/1987,342574538940595,$3737.28
923591026018,Evans,Myrtie,lu@licozap.cr,7/8/1999,6304781324781108,$4583.55
279834313259,Sandoval,Mildred,gi@utaal.ph,10/9/1984,4026866370135929,$6127.21
520349935714,Douglas,Blake,bi@ilahev.ba,12/24/1991,30003981807678,$6158.97
697391878963,Berry,Curtis,kuuhunor@lisecruh.net,6/21/2001,30071467948050,$3555.17
459913819041,Higgins,Henry,vavgu@zuhceg.id,9/12/1965,6334130050154615,$6091.50
974600937229,Fleming,Jeremiah,zuegpep@woc.lc,12/6/1962,36794220494369,$7612.27
946344003208,Clarke,Ryan,ji@danwu.bb,8/10/2005,5018591201424519,$2017.93
406746147578,Anderson,George,buco@cug.gi,7/29/2001,347184302915081,$6232.38
67006476245,Gordon,Shawn,ceuk@je.kh,7/1/1997,30055963492796,$8423.12
217682631567,Steele,Dylan,cirezi@noeczar.bj,3/20/1975,5418089707466080,$6274.27
3660489179,Garner,Christian,iri@kafufaco.aq,12/16/1994,6304462250383181,$3532.13
822236466913,Quinn,Nannie,egosi@meupu.cl,1/23/1973,6278105979692349,$1181.78
40554487105,Fernandez,Louis,pal@huodte.rw,4/22/1968,5469379011023653,$8726.26
115967612704,Stanley,Bryan,jerudo@apge.tt,1/8/1970,6304019589866383,$4824.64
223453490206,Miles,Agnes,go@udacac.st,11/15/1978,6304868175322288,$5757.24
207409061946,Spencer,Dustin,ecuhok@ak.bw,1/3/1960,5018232360978132,$9776.09
648882639542,Hoffman,Derrick,atifo@ewca.hn,7/7/1976,6334939071254679,$6823.46
921651094976,Cain,Katharine,odninu@acrosa.bw,2/21/1984,5018696899109379,$6934.06
314798881909,West,Lawrence,ir@cubdejaf.sb,11/6/1975,4026000396767115,$1839.71
372071521723,Morales,Lois,zeahoru@jul.lc,3/7/1983,3528409741736037,$8567.23
634652356330,Watts,Earl,hejorbuj@tebijci.an,2/26/1992,201456639067785,$3402.59
29513743771,McCarthy,Leila,dapeto@jic.pr,2/13/1972,6374706073881903,$5720.54
354107632931,Wright,Olga,ovmore@bide.ar,1/31/1972,6379749219221456,$1017.58
303597592649,Underwood,Elmer,dezhaem@epvi.ug,3/21/1979,6206951871730001,$2923.86
483869781706,Christensen,Vincent,niuleuv@ba.ae,8/6/1984,6376429412283362,$6471.73
605184964929,Christensen,Bertie,peifo@olu.ax,8/21/1976,201457755272597,$3512.20
904002183800,Thomas,Rosie,iviwoc@kihili.gs,10/10/2002,6334249839775951,$1352.48
128559681927,Powell,Jim,ton@kelefu.us,7/25/1994,3528510248295466,$4395.09
884605781091,Wells,Chris,posmor@vozuc.tj,2/16/1976,5148920028961309,$6791.75
712058170173,Hamilton,Mabel,todgicema@cophe.li,1/27/1993,6334950703646182,$6335.04
718155357220,Beck,Rachel,ozejejeru@wegum.ss,8/6/1969,6201610317933513,$5838.11
951338522493,McCormick,Oscar,secho@jon.eu,11/28/1997,30074586177148,$6843.31
877741750930,Abbott,Birdie,guodu@galcowbop.us,10/7/1979,6374507021566657,$4138.23
601003577465,Perkins,Eugene,fog@imfozlel.kh,9/25/1974,4503154130795320,$8640.98
316250680570,Owen,Gary,oni@ijravre.nl,5/15/2005,30057955963941,$5923.64
872276912067,Blair,Mathilda,ew@gomi.eu,7/7/1996,6304548365245321,$4764.38
628168709711,Steele,Anne,kug@veitehe.an,11/4/1974,4903395425055427,$8841.12
933506292746,Strickland,Rosa,gihle@tanu.qa,6/6/1980,6011964061057726,$6075.30
150288484655,Vaughn,Troy,ne@rizomu.lt,6/14/1990,6304583878599203,$8617.50
646531224579,Sims,Thomas,tag@camili.bd,3/13/1970,6371405891261835,$6402.15
986751508972,Day,Matilda,dopaw@mo.am,8/30/1993,5018939249833730,$5915.10
501211235030,Alvarado,Ollie,ulozufezu@wul.si,6/30/1989,4303318040970305,$7808.71
887594554857,Fox,Trevor,cu@ceji.py,4/16/1979,5610877491429207,$4856.28
938099636305,Mathis,Evan,pek@uko.ch,1/18/1963,6304874926074574,$378.08
402701109933,Parks,David,pehi@ava.cc,2/12/1995,5414730665679917,$9985.80
579642745462,Hines,Helena,isoner@dabpoes.com,11/27/2003,6334229931899651,$274.61
892768707019,Daniel,Matthew,wa@deb.ca,9/15/1973,4219586924809591,$2919.22
795739416395,Woods,Elizabeth,lekufi@ofdop.zm,11/30/1987,6374898923086930,$6121.95
885254397204,Black,Carolyn,eci@il.fm,1/6/1993,36080022516371,$361.33
648942283879,Simon,Violet,morup@zul.im,7/18/1971,6334556748660474,$5577.96
480907903850,White,Alvin,joc@le.sy,7/19/1969,6212610437777284,$1199.94
849767892692,Ruiz,Carolyn,owo@op.hu,7/24/1999,36938538864041,$7993.80
135861231984,Walker,Troy,opjojaj@daujo.mz,4/26/1975,5111359576702745,$3572.74
448473455627,Carlson,Luella,jaz@pezrecjem.lk,4/5/2000,341466587852881,$9123.00
42693262467,Allison,Mina,ecucowa@lu.gn,9/16/1995,6206323857282631,$5740.57
502134180270,Schultz,Amanda,omwe@wisezwa.yt,9/3/1988,5018673962910397,$8663.53
65678839618,Blake,Warren,uz@rifre.kr,11/22/1998,3528256755042095,$9334.01
658095372341,Barker,Hettie,su@wu.kh,2/23/1979,6373691925038012,$5328.98
50758673775,Horton,Timothy,taeh@zatuav.ps,2/25/1988,4106811952042913.5,$6287.19
250389039335,Harrington,Dean,dawzula@jukom.br,1/23/1974,201487747435119,$9694.31
101932258245,James,Richard,jawa@waz.pa,10/13/1990,3528201939158706,$6139.89
22233898556,Norton,Inez,avoupwuk@vaz.mn,7/14/1994,5610253109144283,$7867.90
557997562341,Potter,Lola,sizujo@zakbok.bh,11/14/1997,6377057085026906,$3931.89
184210535895,McCormick,Rodney,ahewul@anju.gg,4/4/1974,4591719971462249,$5210.31
725537741290,Phillips,Ollie,lenam@ufe.iq,12/14/1983,5145977200980583,$1371.90
302256221866,Lawson,Fannie,sodoheb@iton.rs,5/9/1982,201452373229699,$833.75
322569586307,Fernandez,Laura,lovakjez@da.tz,9/19/1979,5610685751982355,$6795.30
639946387968,Lynch,Lelia,docezar@fe.si,6/25/1975,6334692354881763,$3106.06
348637667378,Rhodes,Eula,pawzefwoc@cobcekco.fk,7/14/1984,36346507622020,$9459.40
686936828923,Payne,Joshua,wawhora@ob.my,7/3/1977,4026665603705889.5,$3100.75
441908942952,Doyle,Lucile,da@febsa.pm,6/21/1995,201487818609147,$5216.45
931440230578,Larson,Lena,fiuj@nibur.cv,2/2/1989,345946771423124,$1566.36
973482190293,Payne,Cory,wab@sa.na,11/28/1977,5018441560469731,$3424.88
452033658157,Holt,Mabel,diciwsu@rojuer.eh,12/8/1991,4026380493469695,$3344.34
203922706611,Gill,Wayne,ozso@aseozhe.de,8/31/1984,6377438592895746,$2063.97
374517044405,Thornton,Hallie,pekef@cusiw.id,1/18/1994,6246073967575786,$6503.64
514468202521,Brown,Gabriel,resof@hug.bs,8/23/1971,6334392573321028,$5459.67
477782954864,Obrien,Herbert,dutte@pop.gm,9/22/1982,3528550041558397,$2785.39
782408823294,Barton,Lillian,pumabek@fel.ai,11/1/1976,3528255970643984,$8258.10
827577696566,Garza,Augusta,jecaz@cohlukuv.sr,2/15/1985,6011538361707733,$2502.44
4819524336,Garner,Cordelia,ili@kesijo.tl,7/6/1964,6334373548900153,$1568.55
594637065030,Bates,Harriett,cilfut@vanefrip.pt,2/24/1992,4903938863750361,$4133.94
112170483941,Frank,Helena,lidici@sikcavow.ac,10/17/1967,6304853336664000,$9220.96
7589581455,Simpson,Mina,tarupo@menmazo.fj,10/14/1988,4026781365457628,$4759.39
602300688400,Martin,Myrtle,coc@piweto.lr,9/2/1964,6374644413311655,$4297.55
240227458493,Hines,Emily,cumahsem@tivojhu.mu,6/9/1961,6214185666223027,$1123.41
621949350455,Cohen,Kenneth,da@palene.pa,5/14/1989,4462269836283767,$9986.09
447393654176,Weaver,Logan,zazsunda@rik.co.uk,12/27/1995,6290086133915806,$977.73
556207653437,Doyle,Roxie,kiwdir@ek.il,8/12/1961,5430187864476233,$9639.75
371078588690,Castillo,Lela,ju@jager.fm,3/11/2006,30044125079030,$2327.67
366093461828,Joseph,Alexander,baeruliv@ve.bo,7/27/2006,4026051935526645,$8419.51
805649517826,Wood,Scott,povus@ze.tz,10/31/1959,348906613305217,$3436.73
508147021426,Reeves,Augusta,zoktiwtit@ji.np,5/16/1973,201480911603117,$4707.45
194359116061,Meyer,Teresa,iwho@uwisento.np,9/20/1968,4026775029845772,$6694.17
741516623916,Turner,Michael,de@membuvsa.bg,7/27/1979,4343688936607472,$2754.65
749799033025,Parks,Mildred,supol@windod.kz,11/7/1988,3528583195958808,$1788.11
62815727003,Armstrong,Etta,dih@kirrihta.co.uk,2/19/1975,4903801996565405,$1190.43
263422702024,Schwartz,Carolyn,wozin@cew.co,5/19/1985,4740826154450329,$6696.18
875481264235,Moss,Myrtie,up@ukjipset.qa,1/4/2003,6304951328585611,$8136.48
580510216352,Gardner,Roger,veplidja@wop.ph,11/14/1967,6222938835129321,$4303.32
884185748457,Clarke,Maude,ceg@he.mu,2/14/1999,201457456029973,$6711.34
548753441851,Grant,Ada,rifva@zisu.ec,11/2/1975,5610994629643466,$506.54
689927544388,Gibbs,Lelia,webwul@tut.sd,4/28/1963,30049953021327,$441.00
93429232957,Pearson,Steve,sobzu@cah.hk,3/3/1989,6373256915666634,$6926.72
779114950573,Holloway,Jimmy,fug@hurew.ht,7/18/1984,5018964008824290,$1546.22
84941681603,Ramos,Emilie,muzuj@pefutvu.hm,2/12/1981,201453911358321,$8880.53
456412364059,Rodriguez,Joshua,wo@dehzo.is,7/21/1984,5493803616392171,$9211.80
48297516647,Lowe,Laura,cimap@un.ck,7/5/2002,201497520926317,$9669.87
602911872992,Hernandez,Sylvia,fovi@puguv.bg,4/6/1978,5610887563915819,$2418.50
569807774721,Holland,Mayme,ce@duffifup.cr,4/3/1971,3528969528100871,$5987.66
521237337893,Harrington,Josephine,ice@wovumomo.kp,8/7/2003,36324261789855,$4746.51
35439960334,Holloway,Laura,maz@iw.bd,8/10/1974,5173971871132264,$7992.45
58747040716,Romero,Irene,judsuwfab@ron.ci,6/29/1991,30089345865577,$8024.84
379065916261,Frank,Ellen,robivat@ro.mz,8/3/1967,36348039549911,$8173.34
772965250183,Greer,Benjamin,pec@ipalapob.se,2/8/1979,4903109965772410,$318.92
936446042290,Horton,Flora,luz@we.lt,10/23/2003,5195536578476837,$1202.73
567846028058,Hopkins,Lawrence,puswog@olu.ba,10/21/2005,5610916783340647,$1070.09
495304065512,Holloway,Bessie,sav@enfez.eg,10/12/1999,4903927861433518,$2825.91
340410669307,Cohen,Mario,rev@vo.gt,9/29/2002,30063209750472,$9032.12
486037235994,Jordan,Harriet,mosuvi@tiwleupu.sz,10/18/1992,6245675995585768,$2410.29
307487474006,Burke,Martha,bionta@kibu.ni,3/27/1966,201453053264246,$7811.94
127000214021,Wilson,Jorge,vewezun@nehambe.ec,6/13/1988,5610801544391156,$6676.28
756045976868,Jordan,Jon,ijso@fedbewac.hk,1/30/1972,4903338912575390,$4828.57
886490517663,Osborne,Jorge,fe@hevdaot.gf,4/15/1970,6370505313238096,$7580.96
404253899765,Dawson,Dale,muv@hag.tc,9/4/1980,341897337918335,$8515.57
175904016676,Cooper,Olga,fenfa@ujbib.ms,6/16/1960,6304100446064477,$4159.60
506613305594,Nash,Jeffery,nup@nucwepwa.sc,4/11/1981,5160528935150883,$7887.85
329639548492,Morgan,Irene,zuf@hesridi.bz,9/29/1990,5108633820677720,$5162.94
126942289757,Williamson,Lettie,jezimaf@do.al,9/23/1986,5488276465325559,$3276.92
368959387752,Love,Austin,vin@izked.be,4/12/1985,6334810395468461,$5273.64
502044050090,Campbell,Stephen,ha@he.nz,12/21/1968,342182251893395,$8769.05
438009494003,Delgado,Barry,lav@kivkaw.ba,6/19/1984,6378734735142072,$3821.32
627857060611,Hawkins,Trevor,vitnen@uzhet.cy,1/29/2003,3528089254086408,$5572.26
911881135288,McCoy,Maude,iciirgob@suvja.qa,12/15/1959,4480117710625727,$3205.23
447268901494,Perry,Beatrice,nugzegfer@umoronni.af,10/8/1985,5450897237640589,$1003.66
892622298291,Horton,Matthew,me@lajhu.nr,9/10/1999,6304405060194587,$7830.26
26078430165,Webb,Julia,afehufga@do.mk,1/28/1984,5610749677295530,$2751.69
572216991805,Simpson,Joshua,vezsac@bemotidar.gh,5/8/1979,344296931506942,$5059.99
871470412089,Holt,Shane,egaji@jovpucav.pw,4/22/1981,4903158382527477,$4923.00
136909645319,Wong,Sarah,rapo@hop.gr,11/20/1973,347072756144094,$6238.58
561510928243,Blake,Lettie,of@azarezfi.net,9/25/1967,6334735706510885,$2255.73
735102044807,Owen,Trevor,jizubo@tiise.co,1/31/1962,3528243140097307,$6205.36
861497484704,Valdez,Bobby,vizuc@jo.lu,7/9/1999,6372998041063423,$8025.59
387919870792,Harvey,Jeffery,kisop@ej.ls,2/27/1983,4903845836943595,$7528.04
962259078456,Lucas,Cordelia,aziovi@mifum.sy,1/4/1993,6246269368081792,$6118.37
628708993190,Norton,Jesse,eho@ule.ad,11/19/2005,6334326253760782,$9193.48
445914979753,Clarke,Alma,docme@kimowwa.lu,10/18/1977,6011551193183601,$8131.33
765621667651,Clayton,Ernest,lohob@hiraj.mm,9/14/1988,5103942506355187,$186.89
558137152628,Bush,Calvin,hobirre@wu.pm,3/16/1995,6375361090357641,$3140.85
450740034651,Franklin,Mary,ho@salmal.pk,11/25/1963,5128248138897716,$1141.03
628517446871,Banks,Josie,irteh@zukwioge.si,7/11/1988,3528895193252541,$2612.54
573841607412,Wade,Alta,edi@ho.az,4/11/1997,5018520288632322,$2063.63
62757541955,Riley,Ray,zessapvis@epege.gp,5/25/1965,6204446474719495,$2078.01
162179580901,Underwood,Carl,ape@olfim.om,1/23/1993,6378393414071456,$675.32
662347623604,Rogers,Sophia,pe@abofu.id,6/27/1973,5018556160513644,$7492.46
191886324240,Silva,Elsie,midahgo@butuz.sl,11/4/1993,6011611001643806,$5798.01
736127062491,Olson,Cordelia,arebus@zefoera.org,10/1/2003,36947788288686,$5035.06
729808177008,Glover,Randy,vu@ab.mo,5/3/1976,6371961678565277,$241.07
640829374317,Townsend,Gavin,anurad@todofte.mn,12/12/1971,4026479234506309,$1399.21
614648605248,Erickson,Victor,eveekocuc@aloun.cx,3/5/1983,5018995261688006,$5055.31
769023624565,Walters,Dominic,varowpum@gezioto.eh,1/27/1973,30097492103429,$4191.06
596448032605,Walters,Christina,wotfanjun@oszompo.tc,3/20/1979,5460537123057682,$4662.04
442534448436,Miller,Margaret,wu@tufecap.ro,11/26/2000,5422320545108160,$4670.08
286053331763,Henderson,Susan,si@co.mv,10/23/1979,4026869803157601,$8371.78
307541103666,Ward,Isaiah,isiihgon@mit.mg,8/7/2002,4026353298275897,$7227.52
216025379838,Carson,Eleanor,kogkucle@ta.sc,9/14/1989,6372831447756086,$6012.12
978184954744,Briggs,Inez,li@nadomu.fr,5/1/1991,201490111331443,$1099.21
213221164954,Alexander,Alma,bamnouta@az.fm,12/2/2002,30059566244976,$4883.71
481783227193,Cannon,Cynthia,jozoj@halud.tp,12/9/1968,36113542965909,$7737.22
725100906151,Torres,Annie,sejtit@jigik.ca,5/31/1974,30021777443961,$8190.43
72762933411,Lyons,Adrian,tub@gom.gp,6/25/2002,5146112958201490,$1577.58
519694630822,Gordon,Lola,kibpepi@guhocuw.is,7/9/1967,5429772949306779,$5622.79
572555381831,Rogers,Evelyn,al@kuz.mp,11/20/1983,4765686593766911,$3325.88
1026069547,White,Clyde,agu@jucgegi.mq,8/4/1982,4848312622875059,$1628.83
504890336613,Mitchell,Carrie,suhis@nohvuodo.hk,3/17/1965,5158433858603162,$7141.63
202802399513,Knight,Dean,vuf@temi.sa,10/1/1963,6377653858102005,$5748.38
324203991013,Goodwin,Jean,uwidec@or.bd,4/28/1977,5100461684350137,$7192.36
656231213467,Guzman,Lora,funmeena@ob.fi,8/14/1959,3528826002105489,$813.55
829342752598,Rodgers,Lina,epiunata@le.dj,12/5/1995,4026344425662991,$3971.52
891476255032,Vaughn,Frederick,arufu@ino.eg,11/1/1995,6304226653976671,$2780.06
494498235577,Campbell,Violet,doguapu@ice.om,6/20/1999,6271492946758479,$5165.50
889067258075,Gregory,Lou,tasjeoj@kafro.rw,10/26/1962,6304935873915596,$5379.36
225887167910,Snyder,Lola,viz@ahuloke.gw,7/5/1978,6304389250657589,$1657.19
945569163701,Christensen,Olga,beweja@raj.ps,7/24/1965,36970889567832,$6950.76
297170105349,Wells,Elva,lizse@bo.cn,3/18/1987,6304462052647734,$9160.66
486893925585,Elliott,Alex,po@aseem.nl,12/23/2000,6011356781438049,$3313.76
911894667588,Becker,Tyler,pir@oloat.dz,12/5/1999,5018216878380121,$833.51
941929097497,Cain,Ricardo,lengu@femipeza.lt,1/3/2003,4026549521321917,$7439.86
940505868216,Stokes,Daniel,kovajo@piinsa.il,11/12/2005,6304045718376655,$1571.97
753797228919,Johnston,Nicholas,pegorga@sovilvev.cr,6/21/1976,5610049581868237,$6335.92
194438818612,Snyder,Lottie,cuj@wigwa.net,4/5/1980,5156061427965036,$5803.65
597778934438,Logan,Edna,ug@rektifaf.tp,12/12/1982,6371616079039682,$7032.60
534830018394,Murphy,Dorothy,binu@howuj.ec,3/28/1973,5480669813694130,$2417.16
202907620937,Wade,Seth,wogfo@me.bv,2/27/1997,30046759241836,$2135.57
278581056447,Sparks,Elijah,fumi@tu.an,2/21/1989,4090614954779741,$9073.35
463330950697,Harmon,Minerva,cejil@secgervi.ug,10/27/1972,6011041592429417,$564.11
470366357792,Moss,Ricky,tilasnod@pejmuika.aq,10/26/1988,5435057052619586,$4864.54
251407100148,Snyder,Barbara,kovuh@juclomo.pe,9/19/1966,4903005015008914,$2288.88
9824114421,Hunter,Dylan,nihu@go.tc,8/23/1983,6334577305968837,$9265.68
139560687602,Simmons,Gary,sa@kucnun.cv,1/30/1997,6011113588146550,$2795.28
644395845327,Powers,Mike,fogluk@pizjuvbid.mv,11/18/1982,30047625232173,$3611.76
697626416576,May,Tyler,bejit@tig.tl,1/28/1970,201449112030511,$2319.08
697801980148,Lloyd,Dustin,corza@gaj.an,9/3/1993,6334818572152048,$2774.97
336977198382,Osborne,Allen,nokub@nenub.nc,6/20/1973,5018619535964528,$1826.20
40431810775,Jefferson,Aaron,pi@ik.py,5/1/1967,4903724775152874,$9067.43
374532945444,Knight,Minnie,er@lu.sd,3/26/1962,5141238632766742,$6692.61
62445317733,Santiago,Mae,it@kawanwet.tm,5/25/2003,6281516969926619,$1979.34
395182035309,Kelly,Todd,taphu@giawjan.td,3/13/1994,201465554886194,$5419.96
920943130085,Rowe,Inez,pu@ezuluzkib.eg,6/5/1984,5610747007185363,$9534.00
661772713753,Meyer,Aaron,fazzajet@focneme.lu,4/3/1988,5018789330872232,$3623.90
734666013637,Robbins,Lydia,dofcazew@tozidwe.bo,3/11/1996,5167546859470171,$3997.41
981419658008,Warren,Sophia,ir@ebwib.pk,4/18/1974,3528438203177307,$9929.60
868218528368,Bowman,Rosie,jehca@ojpogcer.sc,1/14/1990,5452226961429258,$5549.36
487808558257,Holmes,Cecilia,uliwe@lujpeca.gh,1/1/1979,5142842756069830,$3683.37
568436928437,Adams,Ora,pelu@ukgekufo.fk,6/10/1979,4903351361321489,$8718.30
646656906447,Little,Derrick,vetadwum@damlit.cf,9/20/1984,5404359694084378,$6277.04
456318749091,Cross,Fred,fujib@udimuuc.ad,5/10/1978,6334732229235348,$6619.23
71558710095,Alexander,Ralph,cazod@zimdire.bw,5/10/1988,4903255533995684,$1577.17
7978421184,Wright,Virgie,gapguit@fek.ly,9/24/1965,201483433378762,$373.16
530871387133,Sims,Dollie,ref@buga.ge,11/21/1997,349138579307420,$9480.91
705033766799,Fitzgerald,Norman,balcof@ur.no,12/19/1961,6334274091558051,$7467.67
16905631112,Fowler,Sarah,hatajih@vocfu.an,8/12/1976,36110513397419,$7325.45
745219074851,Waters,Rodney,tudcewhuc@pacni.bi,1/22/1983,6209308018225378,$1401.39
645273160058,Santos,Cecelia,gig@kes.gd,7/2/1959,30090681912668,$8196.56
957861184318,Sutton,Christian,neh@vilif.nu,4/23/1985,4903291703279724,$5858.56
44189605508,Maxwell,Duane,ri@zulbiobo.uy,3/3/1990,4103921540387087,$8148.81
687303729400,Anderson,Jerome,pocig@uzivu.mc,11/22/1976,343766967549546,$3719.65
516530523653,Owen,Alex,lid@novlime.bt,3/16/1962,5477439846285826,$9525.16
671370063499,Kennedy,Jacob,etoci@wattahdon.cy,12/11/1981,201473286073149,$879.24
920953088819,Aguilar,William,fituvzag@cojuzdap.mx,5/2/1994,4945819418589985,$7885.13
372897093308,McKinney,Gabriel,pihebo@igdim.bw,2/15/2001,6011814587643949,$6383.42
54680120005,Martinez,Clarence,pucof@muvoudi.lt,6/15/1974,6334496706435595,$2302.47
120287967065,Anderson,Joe,ib@ekuvavcap.bn,4/16/2003,6280501915592294,$3825.05
987873677033,Anderson,Leon,per@ikebub.td,2/3/1974,6202170774592244,$5552.94
707492380740,Bishop,Tillie,zirer@dew.mt,3/7/1983,6376853081297140,$7322.38
559389313631,Romero,Keith,luz@uhu.er,4/17/1985,5018626307987769,$5326.46
816786155151,Stephens,Carrie,bi@tuw.vu,2/6/1990,5610239861768492,$9554.17
177036374872,Salazar,Richard,uremat@pup.ck,6/1/1978,5496960920246654,$2743.51
641412164079,Santos,Herman,lacpehu@uka.gq,6/6/1973,3528362311207386,$9698.55
15124122241,Reese,Flora,widmin@wocib.cv,10/7/1969,36375357346885,$7168.18
514362549051,Barnes,Estella,co@an.ki,8/31/1962,4903652397884048,$9118.57
490217554462,Hansen,Elnora,pocahu@kag.az,2/9/1992,6304745312526387,$9564.28
930719871526,Bates,Ruth,sibnejzuv@ekofab.cl,7/10/1989,201491362197921,$7844.60
200751895930,Ortega,David,jo@ci.eh,5/14/1971,4903295743375731,$4863.06
794604926519,Hawkins,Laura,izocilur@zakecuf.us,3/27/1997,4026212075452139,$4375.41
313551970072,Luna,Louis,lacniiv@ozage.fr,6/13/2005,5122497995950318,$5558.05
732746877902,Dawson,Chase,viwiz@ziewo.ky,5/19/1959,6304450913270382,$8366.24
694265396928,Webb,Garrett,vodogo@lifizba.tt,10/20/1993,6011403957810351,$9570.44
547461224057,Hodges,Bertha,nulus@neutcu.au,3/3/1979,5132425681309760,$466.06
536684745882,Black,Janie,gohcedwo@cezwipe.om,10/7/1986,3528256174555024,$8806.31
254147305821,Jefferson,Marian,roz@piseduz.im,10/31/1976,6271504109320713,$7789.08
848300487245,Stewart,Pauline,palerod@egilej.cc,4/13/1963,5610962027104522,$8628.79
852875977516,Cobb,Brandon,bucfetem@is.bw,5/5/1973,5121511403585507,$8184.35
755768472454,Hardy,Johanna,zilrokki@gemzuf.tw,10/14/1981,6011455925492217,$5289.29
37415263349,Williams,Bobby,widcozhif@mede.bm,8/3/1987,6373814235642667,$3209.22
983830829371,Powers,Brent,vunkojhe@wirzar.bi,9/19/2003,6304922983736757,$871.59
502500752267,Moody,Zachary,izanarodi@wib.pw,10/22/1969,342672331708548,$43.52
633160369964,Vaughn,Virgie,viwoz@bez.la,10/11/1979,4026310354544351,$7618.51
961849488516,Carroll,Pearl,ferahda@lurer.gu,12/5/1995,30017032957183,$5738.66
173941422508,Black,Virgie,nedrezvom@ugomoro.ne,2/3/1992,6228406243862614,$7173.76
804685666436,Cobb,Ina,gozupoz@becoci.an,9/18/1986,36554949634970,$3593.38
788269695159,Robbins,Amanda,lasketed@je.sn,1/18/1976,5468671072041389,$1655.00
697914887819,Hansen,Mina,sossehtuw@alewat.co,8/30/1966,3528847416624030,$6557.90
94710846472,Keller,Anthony,pawliged@ijveemu.tt,1/27/2005,201471692507106,$3338.25
240621940015,Hart,Beatrice,etoweva@tocebgog.mo,3/24/1983,3528956143022556,$3306.38
239482486695,Higgins,Mark,zaetke@tiig.bi,7/15/1964,5124425942874420,$5197.04
81725622480,Thompson,Walter,vifbim@uf.ai,4/2/1985,5441635137447297,$887.67
759105167262,Bennett,Peter,paohu@rogaegi.jo,8/21/1987,5190784290097904,$8357.35
511729139612,Munoz,Cole,norigfi@soste.tt,10/7/1992,201446203874344,$3456.90
446683104882,Adams,James,nahogizi@diopike.qa,4/29/1981,201408338285358,$3481.34
314642515564,Webb,Olive,uc@mirpujve.ng,7/3/1960,6304179025942972,$1974.52
741252987781,Hoffman,Samuel,podin@jo.ar,5/31/1989,6011677549817020,$38.44
833215434825,Bennett,Gabriel,me@milfuza.ro,1/9/1999,340718393004540,$1320.41